{
    "PrefabEntries": [
        {
            "prefabPath": "Box1",
            "connectID": -1,
            "position": {
                "x": -2.6334760189056398,
                "y": -1.0311537981033326,
                "z": 12.650943756103516
            },
            "rotation": {
                "x": 0.0,
                "y": 149.61642456054688,
                "z": 0.0
            },
            "scale": {
                "x": 1.0,
                "y": 1.0,
                "z": 1.0
            }
        },
        {
            "prefabPath": "DeadZone",
            "connectID": -1,
            "position": {
                "x": -18.8700008392334,
                "y": 0.0,
                "z": 0.0
            },
            "rotation": {
                "x": 0.0,
                "y": 0.0,
                "z": 0.0
            },
            "scale": {
                "x": 1.0,
                "y": 1.0,
                "z": 1.0
            }
        }
    ]
}