{
    "PrefabEntries": [
        {
            "prefabPath": "Box1",
            "connectID": -1,
            "position": {
                "x": 0.0,
                "y": -0.10827388614416123,
                "z": 0.0
            },
            "rotation": {
                "x": 0.0,
                "y": 149.61642456054688,
                "z": 0.0
            },
            "scale": {
                "x": 2.087815046310425,
                "y": 0.47943466901779177,
                "z": 3.762180805206299
            }
        },
        {
            "prefabPath": "Player_Jammo",
            "connectID": -1,
            "position": {
                "x": 0.0,
                "y": 0.8984370231628418,
                "z": 0.0
            },
            "rotation": {
                "x": 0.0,
                "y": 0.0,
                "z": 0.0
            },
            "scale": {
                "x": 0.699999988079071,
                "y": 0.699999988079071,
                "z": 0.699999988079071
            }
        }
    ]
}