{
    "PrefabEntries": [
        {
            "prefabPath": "ButtonDoor",
            "position": {
                "x": 0.0,
                "y": 0.0,
                "z": 0.0
            },
            "rotation": {
                "x": 0.0,
                "y": 0.0,
                "z": 0.0
            },
            "scale": {
                "x": 1.0,
                "y": 1.0,
                "z": 1.0
            }
        },
        {
            "prefabPath": "Floor",
            "position": {
                "x": 0.0,
                "y": -5.0,
                "z": 0.0
            },
            "rotation": {
                "x": 0.0,
                "y": 0.0,
                "z": 0.0
            },
            "scale": {
                "x": 100.0,
                "y": 10.0,
                "z": 100.0
            }
        },
        {
            "prefabPath": "Cube",
            "position": {
                "x": -2.0850002765655519,
                "y": 0.4999999701976776,
                "z": 1.6831423366170385e-8
            },
            "rotation": {
                "x": 0.000002933685891548521,
                "y": -0.0000010856250582946814,
                "z": 0.000028111559004173614
            },
            "scale": {
                "x": 1.0,
                "y": 1.0,
                "z": 1.0
            }
        },
        {
            "prefabPath": "Player",
            "position": {
                "x": 0.0,
                "y": 0.0,
                "z": -4.079999923706055
            },
            "rotation": {
                "x": 0.0,
                "y": 0.0,
                "z": 0.0
            },
            "scale": {
                "x": 1.0,
                "y": 1.0,
                "z": 1.0
            }
        }
    ]
}